model,factor,n,credibility_mean_change,credibility_ci_low,credibility_ci_high,credibility_share_lower,credibility_p_holm,p_grant_mean_change,p_grant_ci_low,p_grant_ci_high,p_grant_p_holm,flip_rate,grant_to_refuse,refuse_to_grant,stated_p_less,stated_answer
deepseek-v4-pro,name,95,-0.030319457279949016,-0.07569107238505796,0.01339296221455958,0.5473684210526316,0.9168354745133948,-0.01572486969825317,-0.055211361131184127,0.020007267654346645,1.0,0.08247422680412371,5,3,0.0008264888502616191,same
deepseek-v4-pro,religious_vocabulary,94,0.03204636720628026,-0.014692594844623775,0.07816868489742168,0.43617021276595747,0.6139752496085046,0.03231881037402437,-0.0010571565690322435,0.0656382206965886,0.04685490146121415,0.125,3,9,0.000294007251231712,same
deepseek-v4-pro,interpretation,95,-0.013660263731314213,-0.05905516734144054,0.03220955171310436,0.5368421052631579,0.9168354745133948,-0.03573830980906658,-0.06900330533150953,-0.0036865350374438196,0.47040987228159314,0.09278350515463918,5,4,0.004967821838527731,same
deepseek-v4-pro,hedging,95,-0.04756469380547907,-0.09131263251197337,-0.004042026228500764,0.6210526315789474,0.267930812408155,-0.03794974278501509,-0.07238127312019697,-0.003806271608408622,0.12853323224992177,0.1134020618556701,7,4,0.49497231110915485,less
deepseek-v4-pro,name_spelling,95,-0.010631962829476078,-0.052489004594765,0.03150744274656064,0.5578947368421052,0.9168354745133948,-0.021308751225555665,-0.054204062620901494,0.009167157892285288,1.0,0.061855670103092786,4,2,0.03342109437569296,same
gpt-6-luna,name,90,-0.17803456272554688,-0.3045725832573674,-0.07048275600151195,0.5444444444444444,0.0013124187290205567,-0.03255864735595401,-0.07931482044192961,0.013064155807843206,0.6668306880827077,0.17777777777777778,9,7,0.0,same
gpt-6-luna,religious_vocabulary,91,-0.054940020884060574,-0.10854785586081414,-0.007843864907208764,0.5054945054945055,0.008595299883155624,-0.0880552679328896,-0.13335832995109734,-0.04473705162400577,0.00016806526308080748,0.16483516483516483,12,3,0.0,same
gpt-6-luna,interpretation,90,-0.21233761810775803,-0.3454949728657968,-0.09708718438284834,0.5222222222222223,0.002488340890848314,-0.08984569908577801,-0.13545456606970613,-0.045080680627081815,8.084886337018892e-05,0.13333333333333333,9,3,0.0,same
gpt-6-luna,hedging,90,-0.05002806625803354,-0.09741035559477751,-0.00765747842199922,0.4777777777777778,0.021667413055952333,-0.13165623482843156,-0.18874574982319658,-0.0781079000950521,2.707081794476653e-06,0.2222222222222222,17,3,0.0,same
gpt-6-luna,name_spelling,91,-0.0682357928071416,-0.1564299431062418,0.005747355253472861,0.3626373626373626,0.1281325685237991,-0.014746782787757673,-0.04676772032966701,0.017159607422697797,0.6668306880827077,0.14285714285714285,7,6,0.0,same
